image_id,channels,corrupt_full_cc,corrupt_full_psnr,corrupt_full_rmse,corrupt_full_ssim,corrupt_hole_cc,corrupt_hole_psnr,corrupt_hole_rmse,corrupt_hole_ssim,height,mask_fraction,pix2pix_full_cc,pix2pix_full_psnr,pix2pix_full_rmse,pix2pix_full_ssim,pix2pix_hole_cc,pix2pix_hole_psnr,pix2pix_hole_rmse,pix2pix_hole_ssim,width
LC08_L1TP_011029_20210330_y2816_x4352,3,0.5386476995242051,18.984685338912197,0.1123998686671257,0.5673576083205375,nan,14.894984118815612,0.1799909919500351,0.051932431531978095,512,0.3899688720703125,0.9015404012675018,27.774722851804814,0.04085675626993179,0.8014644761906852,0.7518837953728776,23.945074553781218,0.06349598616361618,0.584712752439247,512
LC08_L1TP_011029_20210330_y3072_x1280,3,0.5295043809721185,11.785275731889042,0.2574756443500519,0.5348866435738043,nan,7.695576777537777,0.4123074412345886,0.015268022528094283,512,0.3899688720703125,0.8140050898979918,17.747463190297623,0.12960651516914368,0.7190852316191814,0.596028098532706,13.768588775844663,0.20491351187229156,0.3805116339534279,512
LC08_L1TP_011029_20210330_y3328_x2560,3,0.5236314571628224,16.12780386844246,0.1561744213104248,0.5454884200100695,nan,12.038102294173495,0.250089168548584,0.0255972617660849,512,0.3899688720703125,0.8950806138582443,25.09065428819376,0.05565027520060539,0.7978440289935899,0.7248704381483569,21.075885612709627,0.0883498340845108,0.5323628442160473,512
LC08_L1TP_011029_20210330_y4352_x4608,3,0.6003043409359625,17.796392778511862,0.12887850403785706,0.5797616168064881,nan,13.70669228947111,0.20637895166873932,0.06824015906071125,512,0.3899688720703125,0.8861326486177198,24.466970522894762,0.05979315564036369,0.7606880990076799,0.7126188834042709,20.61769956919914,0.09313546121120453,0.5284289199420767,512
LC08_L1TP_011029_20210330_y5632_x3584,3,0.7132850726546781,20.256836727081676,0.0970863550901413,0.5932889673421818,nan,16.167135883073932,0.15546877682209015,0.0830500118936032,512,0.3899688720703125,0.9047737840140134,26.11500433477035,0.04945949837565422,0.7948301980715414,0.6880426156437898,22.42219521841139,0.07566416263580322,0.5999831935669305,512
