image_id,corrupt_full_cc,corrupt_full_psnr,corrupt_full_rmse,corrupt_full_ssim,corrupt_hole_cc,corrupt_hole_psnr,corrupt_hole_rmse,corrupt_hole_ssim,height,mask_fraction,pix2pix_full_cc,pix2pix_full_psnr,pix2pix_full_rmse,pix2pix_full_ssim,pix2pix_hole_cc,pix2pix_hole_psnr,pix2pix_hole_rmse,pix2pix_hole_ssim,width
LC08_L1TP_011029_20210330_y2816_x4352,0.4502097473020365,19.60781301879788,0.10461870580911636,0.5558893698280489,nan,15.518112465808333,0.16753068566322327,0.03435234814648529,512,0.3899688720703125,0.8601439617922019,28.804411587893878,0.03628937155008316,0.8326833617987452,0.6196760435019615,24.763852101195827,0.05778396874666214,0.6075699776789685,512
LC08_L1TP_011029_20210330_y3072_x1280,0.511693126136022,11.93500487378783,0.2530753016471863,0.5338354295117325,nan,7.845304733309771,0.40526098012924194,0.014436672027599682,512,0.3899688720703125,0.8618221345660059,19.539676916529917,0.1054426059126854,0.7279113849610969,0.6890253019272436,15.621155152167026,0.1655549854040146,0.3828922630656205,512
LC08_L1TP_011029_20210330_y3328_x2560,0.47191818569461547,16.525473525346335,0.1491854190826416,0.5415047403156142,nan,12.435772923618302,0.2388973832130432,0.02112007768809168,512,0.3899688720703125,0.8585456574193827,25.484345087547403,0.05318421870470047,0.7882925424922501,0.5946803276716511,21.42430205883978,0.08487600088119507,0.5050759769223836,512
LC08_L1TP_011029_20210330_y4352_x4608,0.5676031139905187,18.257091572800004,0.12222086638212204,0.5709466460679351,nan,14.16739111491086,0.19571785628795624,0.05234851935457333,512,0.3899688720703125,0.8614903206593165,24.575060034690843,0.0590536892414093,0.7168460424687543,0.6363977907365965,20.674468455600426,0.09252871572971344,0.5026286282320341,512
LC08_L1TP_011029_20210330_y5632_x3584,0.7015831750701073,20.71280612512728,0.09212122857570648,0.5874632212709433,nan,16.623104709033264,0.14751791954040527,0.07173337582996044,512,0.3899688720703125,0.8902907588562323,26.31667292780334,0.04832439124584198,0.7317094604792549,0.6299009871961291,22.60872775756438,0.07405657321214676,0.5573245591721854,512
